title,url,price,cash_back,points,total,indicator
"Eyebrow Shaping Kit 4"" Curved Stainless Steel Eyebrow Scissors, Slant Tweezers, Eyebrow Razor, Eyebrow Comb Scissors And Double Eyebrow Brush for Women Eyebrow Eyelash Extensions",https://www.cashbackbase.com/offer/Eyebrow-Stainless-Scissors-Tweezers-Extensions/10042,6.99,6.98,140.0,0.009999999999999787,1.3999999999999702
"ShioSel, Cat Scratcher Cardboards Scratching Pads, Catnip Included",https://www.cashbackbase.com/offer/ShioSel-Scratcher-Cardboards-Included-16x8-3x1-6/10101,7.0,6.99,140.0,0.009999999999999787,1.3999999999999702
"ShioSel, Cat Scratcher Cardboards Scratching Pads, Catnip Included",https://www.cashbackbase.com/offer/ShioSel-Scratcher-Cardboards-Included-16x8-3x1-6/9705,7.0,6.99,140.0,0.009999999999999787,1.3999999999999702
PISSION Stainless Steel Spring Snap Hook Carabiner-Pack of 6,https://www.cashbackbase.com/offer/PISSION-Stainless-Steel-Spring-Carabiner-Pack/10040,9.99,9.97,199.0,0.019999999999999574,3.979999999999915
"12 Pack Disposable Scalpels Blades#10 Sterile Scalpel Knives, Non-Slip Plastic Rule Handle, Individually Pouch, for Biology Lab Anatomy, Practicing Cut, Medical Student, Sculpting, Podiatry",https://www.cashbackbase.com/offer/Disposable-Non-Slip-Individually-Practicing-Sculpting/10043,8.99,8.96,179.0,0.02999999999999936,5.3699999999998855
2 Pack 18mm by 14mm Stem Clear Scientic Glass Tube Downstem Adapter (3 inch),https://www.cashbackbase.com/offer/Pack-Clear-Scientic-Glass-Adapter/10041,9.99,9.96,199.0,0.02999999999999936,5.969999999999873
"in-Ear Lightning Earphones Earbuds Headphones-Mic and Volume Remote and Noise Isolation, MFI-Certified, Compatible with iPhone X/XS/XR/XS Max, 7/7P, 8/8P iPad, iPod",https://www.cashbackbase.com/offer/Certified-Microphone-Noise-Isolating-Headphones-Black/7263,14.99,14.98,1498.0,0.009999999999999787,14.97999999999968
Apple MFi Certified Lightning Earbuds Headphones Earphones - with Microphone and Compact Controller Made for iPhone 11/11 Pro Max/iPhone X/XR/XS Max iPhone 8/P iPhone 7/P in-Ear (Black),https://www.cashbackbase.com/offer/Certified-Microphone-Noise-Isolating-Headphones-Black/6510,14.99,14.98,1498.0,0.009999999999999787,14.97999999999968
"in-Ear Lightning Earphones Earbuds Headphones-Mic and Volume Remote and Noise Isolation, MFI-Certified, Compatible with iPhone X/XS/XR/XS Max, 7/7P, 8/8P iPad, iPod",https://www.cashbackbase.com/offer/in-ear-lightning-earphones-earbuds-headphones-mic-and-volume-remote-and-noise-isolation-mfi-certified-compatible-with-iphone-xxsxrxs-max-77p-88p-ipad-ipod/7416,14.99,14.98,1498.0,0.009999999999999787,14.97999999999968
"in-Ear Lightning Earphones Earbuds Headphones-Mic and Volume Remote and Noise Isolation, MFI-Certified, Compatible with iPhone X/XS/XR/XS Max, 7/7P, 8/8P iPad, iPod",https://www.cashbackbase.com/offer/in-ear-lightning-earphones-earbuds-headphones-mic-and-volume-remote-and-noise-isolation-mfi-certified-compatible-with-iphone-xxsxrxs-max-77p-88p-ipad-ipod/7334,14.99,14.98,1498.0,0.009999999999999787,14.97999999999968
Desk Mat PU Leather Office Desk Blotter Pad  Desktop on Top of Computer Laptop Writing Gaming Décor Accessories Table Topper Protector Under Keyboard Mousepad Pads Waterproof 10x12 Inches Gray+White,https://www.cashbackbase.com/offer/Computer-Accessories-Protector-Keyboard-Waterproof/6221,9.99,9.89,198.0,0.09999999999999964,19.79999999999993
Furniture Anchors for Baby Proofing(12 Pack) baby proofing cabinet locks child wall safesafety,https://www.cashbackbase.com/offer/Furniture-Proofing-Installation-Adjustable-Earthquake-Resistant/6837,9.99,9.97,997.0,0.019999999999999574,19.939999999999575
"Protective Case for AirPods Pro, Electroplating TPU Cover with Key Chain Compatible with AirPods Pro (Front LED Visible), Black",https://www.cashbackbase.com/offer/Protective-AirPods-Electroplating-Compatible-Visible/9844,4.99,4.74,95.0,0.25,23.75
"Medical Grade Stainless Steel Gua Sha Scraping Massage Tool Guasha Tool Gua Sha Facial Tool Professional Sha Board Soft Tissue Mobilization Tool Scraper Used for Body Face,Back,Legs,Arms,Neck,Shoulder",https://www.cashbackbase.com/offer/Stainless-Scraping-Professional-Mobilization-Shoulder/5531,12.99,12.86,257.0,0.13000000000000078,33.4100000000002
"Vinyl Fence Hangers Patio Light Hooks 2""X 6"" Powder Coated Rustproof Steel Hangers for Hanging on Top of 2"" Wide Vinyl Fences garden",https://www.cashbackbase.com/offer/Hangers-Powder-Coated-Rustproof-Hanging/9544,18.99,18.89,378.0,0.09999999999999787,37.799999999999194
Soft Plastic Drawer Organzier Storage Tray Bins Set for Kitchen Dresser Bathroom Bedroom Office Desk Closet. 2 Large + 4 Medium,https://www.cashbackbase.com/offer/Plastic-Organzier-Storage-Kitchen-Bathroom/9503,12.99,12.95,1295.0,0.040000000000000924,51.8000000000012
"Food Storage Containers [24 Pack] 32 oz Plastic Containers with Lids, Deli, Slime, Soup, Meal Prep Containers | BPA Free | Stackable | Leakproof | Microwave/Dishwasher/Freezer Safe",https://www.cashbackbase.com/offer/Freshware-YH-S32X24-Food-Container-32/6114,11.99,11.69,234.0,0.3000000000000007,70.20000000000016
"Coching Toilet Paper Holder Brushed Nickel, Stainless Steel Toilet Paper Holder and Dispenser Wall Mounted for Bathroom & Kitchen, Sqaure Style (Silver)",https://www.cashbackbase.com/offer/Coching-Brushed-Stainless-Dispenser-Bathroom/8355,11.99,11.69,234.0,0.3000000000000007,70.20000000000016
"Mangotek Lightning to 3.5 mm Headphone Jack Adapter for iPhone 7 7P 8 8P X XR XS XS Max 11, MFi Certified Audio Headphones Adapter for Apple All iOS System Black",https://www.cashbackbase.com/offer/Mangotek-Lightning-Headphone-Certified-Headphones/9810,11.89,11.19,224.0,0.7000000000000011,156.80000000000024
Instant Pot Cheat Sheet Magnet Set (2pcs) Electric Pressure Cooker Times Cookbook - Clear and Easy Cooking Time and Liquid Ratio Instructions - Pressure Cooker Accessories -Insta Pot Sticker,https://www.cashbackbase.com/offer/Instant-Magnet-Electric-Pressure-Cookbook/7001,10.49,9.55,191.0,0.9399999999999995,179.5399999999999
"Desk Mat Plastic Office Home Table Pad Protector Blotter Mat Writing Desk Topper Protector with Mouse Pad for Laptop Computer Desktop Keyboard Pads Multifunctional Mat Wipeable PVC 10x12""(Pink+Sliver)",https://www.cashbackbase.com/offer/Protector-Computer-Keyboard-Multifunctional-Wipeable/6231,9.99,8.99,180.0,1.0,180.0
Ginger Germinal Oil Hair Growth Serum 2PCS + Bonus Hair Comb | Ginger Hair Growth Serum | Ginger Essential Oil Hair Loss Treatment | Hair Regrowth Serum For Women & Men 30ML,https://www.cashbackbase.com/offer/Ginger-Germinal-Essential-Treatment-Regrowth/10121,9.99,8.99,180.0,1.0,180.0
"Furniture Straps (12 Pack) Furniture Anchors for Baby Safety Proofing, Wall Anchors Anti Tip Kit Easy Installation for Firmly Fixing, Adjustable Earthquake-Resistant Child Safety Straps",https://www.cashbackbase.com/offer/Furniture-Proofing-Installation-Adjustable-Earthquake-Resistant/10408,9.99,8.99,180.0,1.0,180.0
"Mangotek Headphones Adapter for Apple, MFi Certified Lightning to 3.5 mm Headphone Jack Adapter for iPhone 11 11Pro 11Pro Max XR Xs Xs Max X 8 8Plus 7 7Plus Black",https://www.cashbackbase.com/offer/Mangotek-Headphones-Certified-Lightning-Headphone/8502,12.99,12.0,240.0,0.9900000000000002,237.60000000000005
Trycooling 4PCS Cotton Baby Infant Umbilical Cord Belly Band Cartoon Soft Newborn Navel Belt (Random Style),https://www.cashbackbase.com/offer/Trycooling-Cotton-Umbilical-Cartoon-Newborn/9747,11.96,10.76,215.0,1.200000000000001,258.0000000000002
"Vanity Mirror Lights Kit,Golspark Dimmable Hollywood Style Lights for Mirror,10 LED Light Bulbs for Makeup Vanity Table Set in Dressing Room,Lighting Fixture Strip with USB Charging Cable for Bathroom",https://www.cashbackbase.com/offer/Golspark-Dimmable-Hollywood-Dressing-Lighting/10267,16.99,16.14,323.0,0.8499999999999979,274.54999999999933
Zig-Zag - Organic Vegan Hemp Rolling Papers - King Sized - Slim - Green (6 Packs),https://www.cashbackbase.com/offer/Zig-Zag-Organic-Vegan-Rolling-Papers/10447,8.99,7.0,140.0,1.9900000000000002,278.6
"Dishwasher Magnet Clean Dirty Sign , Double Sided Flip Dishwasher Sign - with Magnetic Plate Dishwasher Magnet Easy to Read - Water Resistant Dishwasher Indicator for Kitchen Organization and Storage",https://www.cashbackbase.com/offer/Dishwasher-Magnet-Clean-Dirty-Double/10448,12.98,11.68,234.0,1.3000000000000007,304.20000000000016
14x24 Inch Multi Size Clear Plastic Dining Table Protector PVC Tablelcloth Desk Pad Mat Wooden Furniture Coffee Glass Table Screen Protection Pad Cover Dressing Kitchen Countertop Topper Waterproof,https://www.cashbackbase.com/offer/Protector-Tablelcloth-Protection-Countertop-Waterproof/6142,12.99,11.69,234.0,1.3000000000000007,304.20000000000016
Mango Slicer + Bonus Finger Guard For Cutting | Mango Peeler| Mango Cutter | Mango Pitter | Mango Corer For Sliced Mango | Premium Mango Splitter With Sharp Stainless Steel Blade and Easy Grip Handles,https://www.cashbackbase.com/offer/Cutting-Premium-Splitter-Stainless-Handles/10279,9.99,7.99,160.0,2.0,320.0
"3 Pack Miniseas Environmental Protection Material case Compatible with Apple Watch case 42MM Protective Bumper Cover for iwatch Series 3/2/1(RED Pink Yellow,42MM)",https://www.cashbackbase.com/offer/Miniseas-Environmental-Protection-Compatible-Protective/6454,9.99,7.99,160.0,2.0,320.0
"Tracing Light Box, A4 Light Board Portable LED Light Pad Tracer Dimmable Winshine Copy Board Artcraft Tracing Light with USB Power Cable for Artists Drawing, Sketching, Animation",https://www.cashbackbase.com/offer/Portable-Dimmable-Winshine-Sketching-Animation/9879,13.99,12.72,254.0,1.2699999999999996,322.57999999999987
"E12 LED Bulb 5000K Daylight 8 Pack Ceiling Fan Light Bulbs,Hansang A15 Candelabra LED Bulbs for Chandelier,6W 60W Incandescent Equivalent,600LM,120V,Non-dimmable",https://www.cashbackbase.com/offer/Hansang-E12-LED-Light-Bulb/9983,13.99,12.59,252.0,1.4000000000000004,352.80000000000007
WIN.MAX Soft Tip Dart Points 500 Pack 2BA Plastic Thread Accessories Set Black with 6 Dart Flights/Dart Tool/Storage Bag,https://www.cashbackbase.com/offer/WIN-MAX-Plastic-Accessories-Flights-Storage/10489,13.99,12.59,252.0,1.4000000000000004,352.80000000000007
WIN.MAX Dart Flights 72Pcs Standard and Pear Shape 3mm Extra Thick,https://www.cashbackbase.com/offer/WIN-MAX-Flights-72Pcs-Standard-Shape/10490,13.99,12.59,252.0,1.4000000000000004,352.80000000000007
"Mangotek Lightning Headphones for iPhone 11, MFI Earphones for iPhone Wired Earbuds with Mic Compatible with iPhone 11 Pro/Pro Max iPhone X/XS/XS Max/XR iPhone 8/8 Plus iPhone 7/7 Plus White",https://www.cashbackbase.com/offer/Mangotek-Lightning-Headphones-Earphones-Compatible/8503,18.99,18.0,360.0,0.9899999999999984,356.3999999999994
"Homuguz 400GSM Microfiber Cleaning Cloth 12""x12"" Pack of 6, Highly Absorbent Rags for Kitchen Window Glass",https://www.cashbackbase.com/offer/Homuguz-400gsm-Microfiber-Cleaning-Kitchen/10436,10.99,9.0,180.0,1.9900000000000002,358.20000000000005
"LED Garage Light,Deformable Triple Light - 60W 6000LM LED Ceiling Garage Lamp with 3 adjustable Aluminum Panels,Honesorn Bay Lighting for Garage, Warehouse,Shop, E26 Base, CRI>80 (No Motion Activated)",https://www.cashbackbase.com/offer/LED-Garage-Light-Deformable-Triple/9904,18.99,17.99,360.0,1.0,360.0
"UV LED Nail Lamp, Gel Polish Dryer - Honesorn 24W Quick Nail Dryer Light with 3 Timer Setting,Automatic Sensor LCD Display Curing Lamp Nail Art Tools Gel Nail Kit lampara uv para uñas de gel (pink)",https://www.cashbackbase.com/offer/LED-Nail-Lamp-Polish-Dryer/9906,14.99,13.59,272.0,1.4000000000000004,380.80000000000007
Fotoconic DC-38Q Screw Knob Clamp QR Plate for Arca Swiss neewer 38mm QR Plate Tripod Ballhead,https://www.cashbackbase.com/offer/Fotoconic-DC-38Q-neewer-Tripod-Ballhead/5381,14.99,13.59,272.0,1.4000000000000004,380.80000000000007
14x30 in Clear Plastic Office Desk Mat Table Protector PVC Night Sofa Table Tablecloth Cover Children Painting Cover Mat Vinyl Easy Clean Waterproof Heat Resistant Wood Furniture Topper Pad Rectangle,https://www.cashbackbase.com/offer/Protector-Tablecloth-Waterproof-Resistant-Furniture/9198,11.99,10.0,200.0,1.9900000000000002,398.00000000000006
"BRG Airpods Pro Case Cover, [2019 Released] Soft Silicone Skin Cover Shock-Absorbing Protective Case with Keychain for Airpods Pro [Front LED Visible]",https://www.cashbackbase.com/offer/BRG-Released-Silicone-Shock-Absorbing-Protective/10148,4.99,3.99,399.0,1.0,399.0
"Fotoconic Quick Release Clamp 3/8"" w 1/4"" Adapter QR-60 60mm for Arca Swiss Manfrotto Tripod Ball Head",https://www.cashbackbase.com/offer/Fotoconic-Release-Adapter-Manfrotto-Tripod/5382,20.99,19.99,400.0,1.0,400.0
"Meal Prep Containers [15 Pack] 1 Compartment Food Storage Containers with Lids, Bento Box | BPA Free | Stackable | Microwave/Dishwasher/Freezer Safe, Portion Control, 21 Day Fix (28 oz)",https://www.cashbackbase.com/offer/Freshware-Containers-Compartment-Stackable-Dishwasher/6132,11.99,9.99,200.0,2.0,400.0
Grebarley Workout Gloves Weight Lifting Gloves Male Female Gym Gloves for Men Women Training Exercise Fitness Gloves with Wrist Support Full Palm Protection Extra Grip,https://www.cashbackbase.com/offer/grebarley-workout-gloves-weight-lifting-gloves-male-female-gym-gloves-for-men-women-training-exercise-fitness-gloves-with-wrist-support-full-palm-protection-extra-grip/10497,14.97,13.47,269.0,1.5,403.5
Spowind Men's Quick Dry Workout Tank Top - Athletic Running Fitness Gym Training Muscle Sleeveless Shirts,https://www.cashbackbase.com/offer/Spowind-Mens-Quick-Workout-Tank/9738,14.99,13.49,270.0,1.5,405.0
"Reinalin Cycling Gloves, Bike Bicycle Gloves, Gym Gloves, Lightweight, 3MM Gel Pad, Shock-Absorbing, Anti-Slip, Breathable for Biking, MTB, Road Biking, Mountain Bike for Men Women",https://www.cashbackbase.com/offer/reinalin-cycling-gloves-bike-bicycle-gloves-gym-gloves-lightweight-3mm-gel-pad-shock-absorbing-anti-slip-breathable-for-biking-mtb-road-biking-mountain-bike-for-men-women/10499,14.99,13.49,270.0,1.5,405.0
4 Pack Microfiber Replacement Steam Mop Pads Compatible with PurSteam ThermaPro 10-in-1,https://www.cashbackbase.com/offer/4-pack-microfiber-replacement-steam-mop-pads-compatible-with-pursteam-thermapro-10-in-1/9070,14.99,13.49,270.0,1.5,405.0
"Vinyl Fence Hangers Patio Light Hooks 2""X 6"" Powder Coated Rustproof Steel Hangers for Hanging on Top of 2"" Wide Vinyl Fences (6 Pack)",https://www.cashbackbase.com/offer/Hangers-Powder-Coated-Rustproof-Hanging/8459,18.99,17.84,357.0,1.1499999999999986,410.5499999999995
Neck Scarf Face Bandana Mask Gaiter Balaclavas for Outdoor Protection from Sun Dust. Breathable Reusable Washable.,https://www.cashbackbase.com/offer/Balaclavas-Protection-Breathable-Reusable-Washable/9310,10.95,10.5,945.0,0.4499999999999993,425.2499999999993
Geeon Daylight White LED Light Strips Waterproof 2M SMD 2835 Dimmable Extendable with 12V Power Adapter for Room Bed Mirror Kitchen Cabinet Wardrobe,https://www.cashbackbase.com/offer/geeon-daylight-white-led-light-strips-waterproof-2m-smd-2835-dimmable-extendable-with-12v-power-adapter-for-room-bed-mirror-kitchen-cabinet-wardrobe/10125,15.99,14.5,290.0,1.4900000000000002,432.1000000000001
"ShioSel, Cat Scratcher Cardboards Scratching Pads, Catnip Included",https://www.cashbackbase.com/offer/ShioSel-Scratcher-Cardboards-Scratch-Included/10367,23.99,23.0,460.0,0.9899999999999984,455.3999999999993
"Lightning iPhone Charger Cable Apple - MFI - Certified Made for iPhone 8/8 Plus/X/XS/XS Max/XR/7/7 Plus/SE/6/6 Plus/6S/6S Plus/5/5C/5S, iPad/iPad Mini/iPad Air, iPod Touch/Nano(6 FT Black)",https://www.cashbackbase.com/offer/Lightning-iPhone-Charger-Cable-Apple/4496,6.75,5.98,598.0,0.7699999999999996,460.45999999999975
"Lightning iPhone Charger Cable Apple - MFI - Certified Made for iPhone 8/8 Plus/X/XS/XS Max/XR/7/7 Plus/SE/6/6 Plus/6S/6S Plus/5/5C/5S, iPad/iPad Mini/iPad Air, iPod Touch/Nano(6 FT Black)",https://www.cashbackbase.com/offer/Lightning-iPhone-Charger-Cable-Apple/4475,6.75,5.98,598.0,0.7699999999999996,460.45999999999975
5pc Pilates Flexbands + 1pc Yoga Strap with 5 Resistance Levels Exercise Sport Loop Booty Band for Muscle Leg Arm Glute Home Gym Workout Fitness Stretching Strength Training Physical Therapy,https://www.cashbackbase.com/offer/Flexbands-Resistance-Exercise-Stretching-Strength/10065,15.99,14.39,288.0,1.5999999999999996,460.7999999999999
boildeg Cycling Gloves Mountain Bike Gloves MTB Gloves Bicycle Dirt Bike Gloves for Men Women Full Finger Touch Screen Biking Gloves Anti-Slip Shock-Absorbing Gel Pad Workout Gloves,https://www.cashbackbase.com/offer/boildeg-cycling-gloves-mountain-bike-gloves-mtb-gloves-bicycle-dirt-bike-gloves-for-men-women-full-finger-touch-screen-biking-gloves-anti-slip-shock-absorbing-gel-pad-workout-gloves/10500,15.99,14.39,288.0,1.5999999999999996,460.7999999999999
A4 LED Light Pad Light Board for Diamond Painting - Ultra-Thin Magnetic Tracing Light Box with USB Powered for Artists Drawing Weeding Vinyl DIY Diamond Painting Sketching Tattoo Animation Designing,https://www.cashbackbase.com/offer/LED-Light-Box-Tracing-Pad/10340,15.99,14.39,288.0,1.5999999999999996,460.7999999999999
Coching Cat Scratcher Cardboard Scratch Pad with Unique Two Different Scratch Textures Design Durable Scratching Pad Reversible,https://www.cashbackbase.com/offer/COCHING-Scratcher-Cardboard-Scratching-Reversible/8825,9.99,9.49,949.0,0.5,474.5
"Mangotek USB C to Lightning Cable, [3.3ft Apple MFi Certified] PD Power Delivery Fast Charging Lightning Cable for iPhone 11/11 Pro/11 Pro Max/X/XS/XR/XS/8/8 Plus (for Use with Type C Chargers) Black",https://www.cashbackbase.com/offer/Mangotek-Lightning-Certified-Delivery-Charging/7958,13.99,12.0,240.0,1.9900000000000002,477.6
"ELVASEN Piggy Bank for Kids, Creative Fingerprint Password Electronic Piggy Bank Cartoon ATM Cash Coin Money Bank Birthday Gift Toy for Children (Unicorn)",https://www.cashbackbase.com/offer/ELVASEN-Creative-Fingerprint-Password-Electronic/10134,22.99,21.88,438.0,1.1099999999999994,486.1799999999997
"Wanski Tempered Glass Screen Protector Compatible for iPhone 11 Pro Max, iPhone Xs Max, Guide Frame/Easy Installation[3 Pack] [6.5 Inch]",https://www.cashbackbase.com/offer/Wanski-Protector-Compatible-Responsive-Installation/9780,9.99,5.1,102.0,4.890000000000001,498.7800000000001
"Wanski Screen Protector for iPhone xr/iPhone 11 (3 Packs) 0.33mm, iPhone Xr/iPhone 11 Tempered Glass Screen Protector with Advanced Clarity [3D Touch] 100% Touch Accurate",https://www.cashbackbase.com/offer/Wanski-Compatible-Anti-Scratch-Anti-Fingerprint-Installation/9774,9.99,5.1,102.0,4.890000000000001,498.7800000000001
"Wanski Screen Protector Compatible for iPhone 11 Pro & iPhone Xs & iPhone X, Tempered Glass Screen Protector, Bubble Free with Guide Frame/Easy Installation [3 Pack] [5.8 Inch]",https://www.cashbackbase.com/offer/Wanski-Protector-Compatible-Tempered-Installation/9778,9.99,5.1,102.0,4.890000000000001,498.7800000000001
INSHERE Stripe Yellow Gold Mustard Solid Color Knitted Woven Throw Blanket with Tassels Fringe Soft Warm Lightweight All Season Home Decor for Couch Bed Chair Sofa Travel Beach Picnic 51''x67'',https://www.cashbackbase.com/offer/Inshere-Bohemian-Blanket-Tassels-Lightweight/10381,22.99,21.84,437.0,1.1499999999999986,502.5499999999994
Apple MFI Certified Lightning to 3.5mm Headphone Jack Adapte (White),https://www.cashbackbase.com/offer/Apple-Certified-Lightning-Headphone-Adapte/7285,10.5,9.98,998.0,0.5199999999999996,518.9599999999996
"USB C Charger, Mangotek 30W Type C PD Fast Charger Adapter Power Delivery USB C Wall Charger for iPhone 11/11 Pro/11 Pro Max/XR/XS/X/iPad Pro, Samsung S20 A80 Huawei P30 P20 Galaxy S10 and More",https://www.cashbackbase.com/offer/Charger-Mangotek-Adapter-Delivery-Samsung/9843,16.99,15.29,306.0,1.6999999999999993,520.1999999999998
"Seydrey Darts, Soft Tip Darts, Plastic Tip Dart of 12 Pcs 18 Gram, 18 Aluminum Shafts 100 Extra Dart Tips 21 Flights Rubber O'rings Tool Kit for Beginners Professional Players",https://www.cashbackbase.com/offer/Seydrey-Plastic-Aluminum-Beginners-Professional/10496,16.99,15.29,306.0,1.6999999999999993,520.1999999999998
"Battery Operated LED Desk Lamp - Rechargeable Reading Lamp Flexible Gooseneck,Honesorn 3 Color Modes Touch Table Lamp with Pen Holder,Stepless Dimmable Desk lamp for Dorm Study Office Bedroom",https://www.cashbackbase.com/offer/Battery-Operated-LED-Desk-Lamp/10260,16.99,15.29,306.0,1.6999999999999993,520.1999999999998
"Homuguz 600GSM Microfiber Cleaning Cloth 12""x12"" for Car 6 Pack, Highly Absorbent Rags for House Window Floor",https://www.cashbackbase.com/offer/Homuguz-600gsm-Microfiber-Cleaning-Kitchen/10435,12.99,10.4,208.0,2.59,538.72
Nexus Labs Detox with Milk Thistle Extracts – Fast Removal of Toxins and Impurities from Urinary Tract Kidneys and Liver in 7 to 10 Days (60 Veggie Capsules),https://www.cashbackbase.com/offer/Nexus-Labs-Detox-Thistle-Extracts/8178,27.99,26.99,540.0,1.0,540.0
Ginger Foot Pads 20 PCS + Bonus Ginger Bath Soak Tablets 2 PCS | Ginger Foot Patch | Sleeping Pad | Better Sleep Patch | Pure Natural Ginger Powder and Bamboo Vinegar Premium Ingredients Feet Pads,https://www.cashbackbase.com/offer/Tablets-Sleeping-Natural-Vinegar-Ingredients/10451,12.99,10.39,208.0,2.5999999999999996,540.8
"Micnaron 2020 Newest Electric Mosquito Killer Mosquito Lamp w/UV LED Light, 2000V Powerful Bug Zapper Insect Pest Control Trap Catcher Indoor Nontoxic Noiseless No Radiation",https://www.cashbackbase.com/offer/Micnaron-Electric-Mosquito-Noiseless-Radiation/10198,29.95,28.99,580.0,0.9600000000000009,556.8000000000005
"Miniseas Rhinestone Alloy Band Compatible with Apple Watch Band 38mm 40mm Wristband Women Replacement Wrist Strap Replacement Bracelet for iWatch Series 5/4/3/2/1 42mm 44mm (Pink, 38MM-40MM)",https://www.cashbackbase.com/offer/Miniseas-Rhinestone-Compatible-Wristband-Replacement/6453,15.99,13.99,280.0,2.0,560.0
"Meal Prep Containers [15 Pack] 3 Compartment with Lids, Food Containers, Lunch Box | BPA Free | Stackable | Bento Box, Microwave/Dishwasher/Freezer Safe, Portion Control, 21 day fix (32 oz)",https://www.cashbackbase.com/offer/Freshware-Containers-Compartment-Stackable-Dishwasher/6133,14.18,13.75,1375.0,0.4299999999999997,591.2499999999997
"Organic Ashwagandha Capsules for Stress and Anxiety Relief, 100 capsules, 900mg Ashwagandha Root Powder per serving,  Made in USA",https://www.cashbackbase.com/offer/organic-ashwagandha-capsules-for-stress-and-anxiety-relief-100-capsules-900mg-ashwagandha-root-powder-per-serving-made-in-usa/8702,18.79,16.91,338.0,1.879999999999999,635.4399999999997
"Food Storage Containers [50 Pack] 16 oz Plastic Containers with Lids, Deli, Slime, Soup, Meal Prep Containers | BPA Free | Stackable | Leakproof | Microwave/Dishwasher/Freezer Safe",https://www.cashbackbase.com/offer/Freshware-Containers-Stackable-Leakproof-Dishwasher/6113,13.49,12.99,1299.0,0.5,649.5
INSHERE Hooded Bath Shower Towel for Toddler Kids Boy Girl Poncho Wrap Cover Up Bathrobe Fast Dry Soft Thick Summer Beach Swim Pool 24''X 47'' Yellow Dog,https://www.cashbackbase.com/offer/INSHERE-Hooded-Shower-Toddler-Bathrobe/10246,18.99,17.09,342.0,1.8999999999999986,649.7999999999995
"Fabric Scissors, Heavy Duty 8 inch Sewing Scissors for Leather Tailor,Tailoring Shears for Home Office Craft",https://www.cashbackbase.com/offer/Fabric-Scissors-Sewing-Leather-Tailoring/7307,12.99,9.59,192.0,3.4000000000000004,652.8000000000001
"Homuguz Closet Storage Bags Clothes Organizers for Comforters, Blankets, Bedding, Clothing 3 Pack",https://www.cashbackbase.com/offer/Homuguz-Organizers-Comforters-Blankets-Clothing/10434,15.99,13.5,270.0,2.49,672.3000000000001
"ShioSel, Bark Collar for Small, Medium, Large Dog - Stop Barking with Ultrasound and Harmless Shock - Intelligent Anti-Barking Deterrent Device - Black",https://www.cashbackbase.com/offer/ShioSel-Collar-Small-Medium-Large/10123,35.0,34.0,680.0,1.0,680.0
"IMStick Multipurpose Magnetic Phone Mount - Revolutionary Phone Holder for Car, Bike and Home",https://www.cashbackbase.com/offer/imstick-multipurpose-magnetic-phone-mount-revolutionary-phone-holder-for-car-bike-and-home/10404,19.95,17.96,359.0,1.9899999999999984,714.4099999999994
"Homuguz Closet Storage Bags Foldable Clothes Organizers Clear Window for Comforters, Blankets, Bedding, Clothing Set of 3",https://www.cashbackbase.com/offer/Homuguz-Foldable-Organizers-Comforters-Blankets/10486,14.99,12.0,240.0,2.99,717.6
Clean pine gel hand cleaning 20 packets single-use pocket size (3 pack),https://www.cashbackbase.com/offer/Clean-cleaning-packets-single-use-pocket/9013,19.99,17.99,360.0,2.0,720.0
Grebarley Winter Cycling Gloves Bike Gloves Bicycle Gloves Biking Gloves Warm Touch Screen Waterproof Windproof Outdoor Sports Running Gloves for Men Women Driving Riding Hiking,https://www.cashbackbase.com/offer/Grebarley-Cycling-Bicycle-Waterproof-Windproof/10502,19.99,17.99,360.0,2.0,720.0
"Grebarley Darts,Darts Plastic Tips,Soft Tip Darts Set,12 Pcs 18 Gram with 50 Extra Dart Tips,9 Flights, 6 shafts,Tool Kit for Electronic Dart Board",https://www.cashbackbase.com/offer/Grebarley-Plastic-Flights-shafts-Electronic/10498,19.99,17.99,360.0,2.0,720.0
LLmansha Stainless Steel Cremation Jewelry for Ashes Cross Urn Pendant Necklace Memorial Keepsake Jewelry Urn,https://www.cashbackbase.com/offer/LLmansha-Stainless-Cremation-Necklace-Memorial/10244,14.99,11.99,240.0,3.0,720.0
"128GB Photo Stick Wansenda OTG Micro USB Flash Drive for PC/Tablet/Mac/Micro Port Android Phone Samsung Galaxy S7/S6/S5/S4/S3, Note5/4/3/2, A7/A8/A9,C5/C7 (Black)",https://www.cashbackbase.com/offer/Wansenda-Flash-Android-Devices-Tablet/6586,14.99,11.99,240.0,3.0,720.0
FOOZOUP Teal Throw Pillow Covers 18X18 in Decorative Pillow Cushion Cases for Bed Couch Living Room Set of 2,https://www.cashbackbase.com/offer/FOOZOUP-Pillow-Covers-Decorative-Cushion/10289,16.99,14.39,288.0,2.599999999999998,748.7999999999994
"DAIXI Rifle and Shot Gun Hunting Sling,Comfort Stretch Rifle Sling with Swivels with Length Adjuster Traditional Sling for Outdoors",https://www.cashbackbase.com/offer/DAIXI-Hunting-Adjuster-Traditional-Outdoors/7048,15.99,12.99,260.0,3.0,780.0
"Twin Size Waterproof Mattress Protector Pad Bed Mattress Cover for Moving 100% Breathable Cooling Cotton Terry, Deep Pocket Fit 4""-17"", Stain Release 3M Scotchgard",https://www.cashbackbase.com/offer/MP2-Waterproof-Mattress-Protector-Scotchgard/8818,20.99,18.89,378.0,2.099999999999998,793.7999999999992
"USB C Charger, Mangotek 18W Type C PD Fast Charger Adapter Power Delivery USB C Wall Charger for iPhone 11/11 Pro/11 Pro Max/XR/XS/X/iPad Pro, Samsung S20 A80 Huawei P30 P20 Galaxy S10 and More",https://www.cashbackbase.com/offer/Charger-Mangotek-Adapter-Delivery-Samsung/7984,13.99,10.0,200.0,3.99,798.0
"OTG USB Flash Drive Miniseas Micro-Port Memory Stick for Android Phones,USB 2.0 Pen Drive Jump Drive for Tablets, Thumb Drive Pendrive for Android Devices/PC/Tablet/Mac (32GB, Red)",https://www.cashbackbase.com/offer/Miniseas-Micro-Port-Android-Tablets-Pendrive/5521,8.99,7.99,799.0,1.0,799.0
"OTG USB Flash Drive Miniseas Micro-Port Memory Stick for Android Phones,USB 2.0 Pen Drive Jump Drive for Tablets, Thumb Drive Pendrive for Android Devices/PC/Tablet/Mac (64GB, Red)",https://www.cashbackbase.com/offer/Miniseas-Micro-Port-Android-Tablets-Pendrive/5898,12.99,7.99,160.0,5.0,800.0
"Band Compatible with Apple Watch Band 38mm 42mm Stainless Steel Wristband Metal Buckle Clasp Strap Replacement Bracelet for iWatch Series 5/4/3/2/1 40mm 44mm (Black, 42MM-44MM)",https://www.cashbackbase.com/offer/Miniseas-Compatible-Stainless-Wristband-Replacement/6452,16.99,13.99,280.0,2.9999999999999982,839.9999999999995
lttcbro Full Body Suit Spandex Unisex Adult Zentai Suit,https://www.cashbackbase.com/offer/lttcbro-Lycra-Spandex-Unisex-Zentai/10391,22.99,20.69,414.0,2.299999999999997,952.1999999999988
"USB Bedside Table Lamp, Comzler Modern Nightstand Lamp with USB Port to Recharge Your Devices,LED Bulb Included,Fabric Shade,Ambient Light Bedside Desk Lamp for Bedroom",https://www.cashbackbase.com/offer/Bedside-Comzler-Nightstand-Recharge-Included/9555,22.99,20.69,414.0,2.299999999999997,952.1999999999988
Hyde Lane 100% Mulberry Silk Pillowcase for Hair and Skin | Hypoallergenic Satin Pillowcase Cover Hidden Zippered - 1 Pack (Standard Size 20x26 Grey),https://www.cashbackbase.com/offer/Pure-Silk-Pillowcase-Hair-Skin/10086,22.99,20.69,414.0,2.299999999999997,952.1999999999988
"Decorative Peach Shower Curtain Waterproof Polyester Fabric, Home Bathroom Decor Hanging Curtain with Hooks 72 by 72 Inch, Hotel Quality, Machine Washable",https://www.cashbackbase.com/offer/Decorative-Waterproof-Polyester-Bathroom-Washable/9690,18.99,15.99,320.0,2.9999999999999982,959.9999999999994
Homegician BBQ Cleaning Brush Grill Brush 3 in 1 Stainless Steel BBQ Brush Wire/Spring Bristles with Long Handle Grill Accessories,https://www.cashbackbase.com/offer/Homegician-Cleaning-Stainless-Bristles-Accessories/5431,10.99,9.99,999.0,1.0,999.0
2Pack Stainless Steel Bathtub Drain Hair Stopper Shower hair catcher Drain cover 4.5inch Large size Suit for Bathroom Bathtub and Kitchen Easy Clean（Brown+Brown),https://www.cashbackbase.com/offer/Stainless-Bathtub-Stopper-Bathroom-Clean%EF%BC%88Brown/8712,10.99,9.99,999.0,1.0,999.0
"Pillow Cases King [2-Pack, Navy] - Hotel Luxury Pillow Case - Extra Soft 1800 Double Brushed Microfiber Pillow Covers, Wrinkle, Fade, Stain Resistant",https://www.cashbackbase.com/offer/Fresh-Linen-Pillow-Cases-2-Pack/3696,10.99,9.99,999.0,1.0,999.0
2Pack Stainless Steel Bathtub Drain Hair Stopper Shower hair catcher Drain cover 4.5inch Large size Suit for Bathroom Bathtub and Kitchen Easy Clean（Black+Black),https://www.cashbackbase.com/offer/Stainless-Bathtub-Stopper-Bathroom-Clean%EF%BC%88Black/8713,10.99,9.99,999.0,1.0,999.0
VIVOSUN VIVOSUN 3 Pcs Cotton Rope Plant Hanger Indoor Outdoor Hanging Planter Flower Pot Holder for Decoration,https://www.cashbackbase.com/offer/VIVOSUN-Outdoor-Hanging-Planter-Decoration/8950,14.99,9.99,200.0,5.0,1000.0
"HITSLAM Matte Black Toilet Paper Holder Adhesive, 3M Toilet Paper Holder with Shelf, 3M Adhesive No Drill or Wall-Mounted with Screws for Bathroom & Kitchen",https://www.cashbackbase.com/offer/HITSLAM-Adhesive-Wall-Mounted-Bathroom-Kitchen/8353,17.99,14.39,288.0,3.599999999999998,1036.7999999999993
"Coxeer Bubble Wands Set, 28PCS Colorful Bubble Wand Toy Set Multihole Bubble Toys Bubble Making Wand for Kids Outdoor Playtime & Birthday Party & Game Toy Nice(Random Color 1)",https://www.cashbackbase.com/offer/Coxeer-Colorful-Multihole-Playtime-Birthday/9604,11.75,10.75,1075.0,1.0,1075.0
"40x63"" Size, ANY COLOR - Modern Farmhouse Curtains for Living Room | Rustic Home Kitchen Decor | Grasscloth Faux Linen | Room Darkening Grommet Top Window Treatments | Ivory 40x63-2 Pieces",https://www.cashbackbase.com/offer/Hyde-Lane-Farmhouse-Grasscloth-Treatments/8783,24.99,22.49,450.0,2.5,1125.0
2Pcs Gas Struts 20 Inch 40 lbs Prop Lift Springs Rod Heavy Duty Tool Box Lid Top RV Pair,https://www.cashbackbase.com/offer/2Pcs-Struts-Inch-Springs-Heavy/4826,24.99,22.49,450.0,2.5,1125.0
2Pcs Gas Struts 20 Inch 20 lbs Prop Lift Springs Rod Heavy Duty Tool Box Lid Top RV Pair,https://www.cashbackbase.com/offer/2Pcs-Struts-Inch-Springs-Heavy/4825,24.99,22.49,450.0,2.5,1125.0
"Mangotek 3.3ft USB C to Lightning Cable with 18W USB C Charger, [Apple MFi Certified] PD Power Delivery Fast Charging Lightning Cable and Charger Set for iPhone 11/11 Pro/11 Pro Max/X/XS/XR/8/8 Plus",https://www.cashbackbase.com/offer/Mangotek-Lightning-Certified-Delivery-Charging/9845,25.18,22.66,453.0,2.5199999999999996,1141.5599999999997
"Fabric Scissors, Heavy Duty 8 inch Sewing Scissors for Leather Tailor,Tailoring Shears for Home Office Craft",https://www.cashbackbase.com/offer/Fabric-Scissors-Sewing-Leather-Tailoring/7306,12.99,11.99,1199.0,1.0,1199.0
"DaoKent Reflective Vest Running Belt Gear for Men, Adjustable Safety Vest Outdoor Reflective Belt High Visibility Vest for Night Cycling Walking Jogging Motorcycle Dog Walking",https://www.cashbackbase.com/offer/daokent-reflective-vest-running-belt-gear-for-men-adjustable-safety-vest-outdoor-reflective-belt-high-visibility-vest-for-night-cycling-walking-jogging-motorcycle-dog-walking/6571,7.99,5.98,598.0,2.01,1201.9799999999998
Hyde Lane 100% Mulberry Silk Pillowcase for Hair and Skin | Antibacterial Satin Pillowcase Cover Hidden Zippered - 1 Pack (Queen Size 20x30 Natural White),https://www.cashbackbase.com/offer/100-Organic-Mulberry-Silk-Pillowcase/10087,25.99,23.39,468.0,2.599999999999998,1216.799999999999
"Deformable LED Garage Light,E26 60W LED Garage Lights,Golspark 6000K Daylight Super Bright Light，6000LM Garage Ceiling Lights 3 Adjustable Panels，Led Light for Garage,Warehouse,Barn(No Sensor）",https://www.cashbackbase.com/offer/Deformable-Golspark-Light%EF%BC%8C6000LM-Adjustable-Panels%EF%BC%8CLed/9984,19.59,15.67,313.0,3.92,1226.96
18X24 Inch Square Eco Clear Plastic Table Protector Thick Wipeable PVC Tablecloth Cover Mat Pad Transparent Vinyl Tablecloth Screen Protector Waterproof Hard for Kitchen Table Liner Marble Countertop,https://www.cashbackbase.com/offer/Protector-Tablecloth-Transparent-Waterproof-Countertop/5901,18.99,14.81,296.0,4.179999999999998,1237.2799999999993
"MERLINAE 5 Pack Bowknot Microfiber Hair Drying Towels,Fast Coral Velvet Drying Long Hair Turban Wrap,Absorbent Twist Turban Princess Shower Cap for Women and Children",https://www.cashbackbase.com/offer/merlinae-5-pack-bowknot-microfiber-hair-drying-towelsfast-coral-velvet-drying-long-hair-turban-wrapabsorbent-twist-turban-princess-shower-cap-for-women-and-children/7778,15.99,8.0,160.0,7.99,1278.4
Women's Lace Teddy Babydoll Lingerie Chemises Sleepwear Snap Crotch Lingerie Sexy Bodysuit Deep V One Piece,https://www.cashbackbase.com/offer/Babydoll-Lingerie-Chemises-Sleepwear-Bodysuit/9777,13.99,12.99,1299.0,1.0,1299.0
"AGREATLIFE New Improved 14 Sheets No Stress, No Mess Puzzle Saver - Puzzle Glue Sheets : Permanent Puzzle Conserver of Up to 2000-piece Work of Art",https://www.cashbackbase.com/offer/aGreatLife-Improved-Stress-Puzzle-Saver/7935,13.99,12.99,1299.0,1.0,1299.0
"Queen Size Waterproof Mattress Protector Pad  Bed Mattress Cover for Moving 100% Breathable Cooling Cotton Terry, Deep Pocket Fits 4""-21"", Stain Release 3M Scotchgard",https://www.cashbackbase.com/offer/MP2-Waterproof-Mattress-Protector-Scotchgard/8817,26.99,24.29,486.0,2.6999999999999993,1312.1999999999996
Nexus Labs Detox with Milk Thistle Extracts – Fast Removal of Toxins and Impurities from Urinary Tract Kidneys and Liver in 7 to 10 Days (60 Veggie Capsules),https://www.cashbackbase.com/offer/Nexus-Labs-Detox-Thistle-Extracts/8612,27.99,27.0,1350.0,0.9899999999999984,1336.499999999998
"ALPHA Male Enlargment Pills For Men| Natural Testosterone Booster For Men| Stamina Fuel For Men| Male Enhancment Pills For Men Increase Size, Strength, Stamina, Energy| 90 Capsules Performance Booster",https://www.cashbackbase.com/offer/Enlargment-Testosterone-Enhancment-Increase-Performance/9726,17.9,12.53,251.0,5.369999999999999,1347.87
4 Pack Re-Usable Fashion Masks,https://www.cashbackbase.com/offer/4-pack-re-usable-fashion-masks/9066,17.95,12.56,251.0,5.389999999999999,1352.8899999999996
biukpci Mini Hand Free Personal Fan USB Rechargeable Desk Fan with 2500mAh Battery Capacity 3 Adjustable Speed Headphone Design Wearable Neckband Fan for Travel Office Room Outdoor Household - Black,https://www.cashbackbase.com/offer/biukpci-Rechargeable-Adjustable-Headphone-Household/9800,17.99,12.59,252.0,5.399999999999999,1360.7999999999997
"Apple MFi Certified USB C to Lightning Cable Made for iPhone X/XS/XR/XS Max / 8/8 Plus, Supports Power Delivery (for Use with Type C Chargers) 4FT (Silver)",https://www.cashbackbase.com/offer/Certified-Lightning-Supports-Delivery-Chargers/4451,8.9,6.9,690.0,2.0,1380.0
"Apple MFi Certified USB C to Lightning Cable Made for iPhone X/XS/XR/XS Max / 8/8 Plus, Supports Power Delivery (for Use with Type C Chargers) 4FT (Silver)",https://www.cashbackbase.com/offer/Certified-Lightning-Supports-Delivery-Chargers/4420,8.9,6.9,690.0,2.0,1380.0
"Ramen pot, fast Korean noodle cooker, 3 minute boiler for soup pasta egg, easy light cookware with lid",https://www.cashbackbase.com/offer/noodle-cooker-minute-cooling-serving/8386,14.95,13.95,1395.0,1.0,1395.0
"Zig-Zag - Original White- 6 booklets & Large White Rolling Tray (13.4"" x 10.8"") Bundle",https://www.cashbackbase.com/offer/Zig-Zag-Original-White-booklets-Rolling/10392,19.99,15.0,300.0,4.989999999999998,1496.9999999999995
"Apple MFi Certified USB C to Lightning Cable Made for iPhone X/XS/XR/XS Max / 8/8 Plus, Supports Power Delivery (for Use with Type C Chargers) 4FT (Silver)",https://www.cashbackbase.com/offer/Certified-Lightning-Supports-Delivery-Chargers/9750,8.9,6.58,658.0,2.3200000000000003,1526.5600000000002
"Motion18 Tire Spoon Lever Motorcycle Changing Tools Iron Kit, 14.5 inch Bike Tires Repair Set Changer Removal Tool 3 PCS Spoons Valve with 6 Valve Cores Set and 2 Rim Protectors",https://www.cashbackbase.com/offer/motion18-tire-spoon-lever-motorcycle-changing-tools-iron-kit-145-inch-bike-tires-repair-set-changer-removal-tool-3-pcs-spoons-valve-with-6-valve-cores-set-and-2-rim-protectors/4823,21.99,17.49,350.0,4.5,1575.0
"Miniseas Band Compatible with Apple Watch Band 38mm 42mm Stainless Steel Wristband Metal Buckle Clasp Strap Replacement Bracelet for iWatch Series 5/4/3/2/1 40mm 44mm (Sliver Black, 42MM-44MM)",https://www.cashbackbase.com/offer/Miniseas-Compatible-Stainless-Wristband-Replacement/5774,17.99,8.0,160.0,9.989999999999998,1598.3999999999996
Hyde Lane Modern Farmhouse Window Curtains for Living Room | Rustic Home Kitchen Decor | Grasscloth Faux Linen | Room Darkening Grommet Top Windows Treatments | White 40x84 Inches - 2 Pieces,https://www.cashbackbase.com/offer/Hyde-Lane-Farmhouse-Grasscloth-Treatments/8784,29.99,26.99,540.0,3.0,1620.0
"Youngfocus Cosmetics Cream Contour Best 8 Colors Contouring Foundation - Highlighting Makeup Kit/Concealer Palette - Vegan, Cruelty Free and Hypoallergenic - Instruction Manual",https://www.cashbackbase.com/offer/Youngfocus-Cosmetics-Contour-Contouring-Foundation/7015,19.99,14.24,285.0,5.749999999999998,1638.7499999999995
"Houseables Shower Niche, Cubby For Tile, 13” x 21”, Installation Size: 14” x 22”, Arched, Niches, Tiles Ready, Install Accessories, Insert, Bathroom, Wall Unit, Restroom Décor, Bathtub Organizer",https://www.cashbackbase.com/offer/houseables-shower-niche-cubby-for-tile-13-x-21-installation-size-14-x-22-arched-niches-tiles-ready-install-accessories-insert-bathroom-wall-unit-restroom-decor-bathtub-organizer/7356,45.96,44.96,1798.0,1.0,1798.0
"Sonic Facial Cleansing Brush, Pretty in pink - Silicone Electric Face Brush with 3 Function Modes, Waterproof, USB Rechargeable for All Skin Types, Gentle Exfoliating, Deep Cleansing, Massaging (pink)",https://www.cashbackbase.com/offer/sonic-facial-cleansing-brush-pretty-in-pink-silicone-electric-face-brush-with-3-function-modes-waterproof-usb-rechargeable-for-all-skin-types-gentle-exfoliating-deep-cleansing-massaging-pink/8916,25.0,20.5,410.0,4.5,1845.0
Weight Scale Healthkeep Bathroom Scale Smart Bluetooth BMI Digital Scales for Body Weight Body Composition Analyzer,https://www.cashbackbase.com/offer/Healthkeep-Bathroom-Bluetooth-Composition-Analyzer/9803,19.99,12.0,240.0,7.989999999999998,1917.5999999999997
EMAY Children Fingertip Oxygen Monitor (Not for Newborn/Infant) | Blood Oxygen Saturation Monitor with Heart Rate Tracking for Kids,https://www.cashbackbase.com/offer/Children-Fingertip-Monitor-Saturation-RateTracking/9647,29.95,29.0,2030.0,0.9499999999999993,1928.4999999999986
"40x95 Inches, ANY COLOR Modern Farmhouse Curtains for Living Room | Rustic Home Kitchen Decor | Grasscloth Faux Linen | Room Darkening Grommet Top Window Treatments | White 40x95 Inches - 2 Pieces",https://www.cashbackbase.com/offer/Hyde-Lane-Farmhouse-Grasscloth-Treatments/8785,32.99,29.69,594.0,3.3000000000000007,1960.2000000000005
"Standard Size, 1 Pack, Pick ANY COLOR - 100% Pure White Silk Pillowcase for Hair and Skin | Premium Mulberry 25 Momme Organic Worm Silk Pillow Case, Hypoallergenic Antibacterial with Hidden Zipper - 1 Pack",https://www.cashbackbase.com/offer/Silk-Pillowcase-Hair-Skin-Resistant/8816,32.99,29.69,594.0,3.3000000000000007,1960.2000000000005
"Metallic Marker Pens, XSG Set of 10 Colors Paint Markers for black paper,Rock Painting, Card Making,DIY Photo Album, Scrapbook Crafts, Metal, Wood, Ceramic, Glass (Medium tip)",https://www.cashbackbase.com/offer/Metallic-XSG-Markers-Painting-Scrapbook/10364,9.99,6.99,699.0,3.0,2097.0
"3 inch Swivel Caster Wheels,Heavy Duty Plate Casters with Safety Brake Total Capacity 1000lbs (Pack of 4)",https://www.cashbackbase.com/offer/Swivel-Caster-Casters-Capacity-1000lbs/9049,21.99,20.99,2099.0,1.0,2099.0
50pcs PM2.5 Filters For Face Mask + 50 Nose Bridge Strip ideal for DIY Reusable Washable Cloth Coverings and Masks with Filter Pocket Ship From USA,https://www.cashbackbase.com/offer/Activated-Filters-Reusable-Washable-Coverings/10394,25.99,20.99,420.0,5.0,2100.0
"Houseables Standing Towel Rack, 40” Tall, Stainless Steel, Chrome, for Hand, Face, Bath Towels, Family, Bathroom, Kitchen, Washcloth Holder, w/Swivel Arms, Countertop Valet, Laundry Pedestal, Hanger",https://www.cashbackbase.com/offer/Houseables-STH-SS-3512-Towel-Holder-Stand/8566,25.87,24.99,2499.0,0.8800000000000026,2199.1200000000063
"128GB Type C OTG USB C Flash Drive WANSENDA 2 in 1 USB 3.0/3.1 Thumb Drive for PC/Mac/USB-C Smartphones Samsung Galaxy S8/S8+/S9/S9+/S10, Note7/8/9,A6S/A9S LG G6 V30, Google Pixel XL (Black)",https://www.cashbackbase.com/offer/Flash-Drive-Storage-128GB-Black/7723,27.99,22.99,460.0,5.0,2300.0
"Dragon Touch OD10 Security Camera Outdoor, 1080P HD PTZ Outdoor Camera Wi-Fi for Home Security Surveillance, Floodlight, Night Vision, Motion Detection, 2-Way Audio, Alexa/Google Home, Waterproof",https://www.cashbackbase.com/offer/Dragon-Touch-Surveillance-Floodlight-Waterproof/9325,59.99,57.99,1160.0,2.0,2320.0
VIVOSUN 2 Pcs Cotton Rope Plant Hanger Indoor Outdoor Hanging Planter Flower Pot Holder for Decoration,https://www.cashbackbase.com/offer/VIVOSUN-Outdoor-Hanging-Planter-Decoration/9579,11.99,9.49,949.0,2.5,2372.5
128GB OTG USB Flash Drive Wansenda 2 in 1 Android Photo Stick Micro Port & USB 2.0 Pen Drive with Led Indicator for Android Phone/PC/Tablet/Mac (Purple),https://www.cashbackbase.com/offer/Wansenda-Android-Devices-Tablet-Purple/6670,25.99,20.0,400.0,5.989999999999998,2395.9999999999995
"Reusable Nano Adhesive Tape,Multipurpose Transparent Double Sided No-Trace Removable Glue Tape, Washable Strong Gel Anti-Slip Adhesive Tape,for Wall,Kitchen,Carpet,Tile,Desktop,Photos Fixing (3Meter)",https://www.cashbackbase.com/offer/Reusable-Multipurpose-Transparent-Removable-Anti-Slip/9941,10.99,7.99,799.0,3.0,2397.0
Zig-Zag Paper Cones 1 and 1/4 (24 Packs per Carton),https://www.cashbackbase.com/offer/ZIG-ZAG-Zig-Zag-Paper-Cones/6923,25.0,18.5,370.0,6.5,2405.0
"Premier Dead Sea Moisture Cream for Multi-Use, Luxury collection for face and body, anti-aging face cream, skin care with aloe vera gel, face moisturizer, light, non sticky. 4.2 fl.oz",https://www.cashbackbase.com/offer/Premier-Dead-Sea-Moisture-Multi-Use/8727,29.9,25.0,500.0,4.899999999999999,2449.999999999999
"Fotoconic 11"" / 28cm Articulating Friction Magic Arm & Large Adjustable Super Rod Clamp Pliers Clip with 1/4"" and 3/8"" Thread for DSLR Camera Rig, LCD Monitor, LED Lights, Flash Light",https://www.cashbackbase.com/offer/Fotoconic-Articulating-Friction-Adjustable-Monitor/5591,23.99,16.55,331.0,7.439999999999998,2462.6399999999994
WIN.MAX Dart Board Backboards Dart Backboard EVA Reversible Dart Board Surround Protector Wall Accessories,https://www.cashbackbase.com/offer/WIN-MAX-Dart-Board-Surround/10501,36.99,33.29,666.0,3.700000000000003,2464.200000000002
"Merlinae Jump Rope, Jump Ropes for Fitness,Skipping Rope with Steel Wire for Men Women Kids Boy Girl,Steel Jump Rope Workout with Foam Handles for Fitness Home Exercise Slim Body",https://www.cashbackbase.com/offer/merlinae-jump-rope-jump-ropes-for-fitnessskipping-rope-with-steel-wire-for-men-women-kids-boy-girlsteel-jump-rope-workout-with-foam-handles-for-fitness-home-exercise-slim-body/9865,9.99,5.0,500.0,4.99,2495.0
Chukchi Handheld Electric Mini Heat Gun Kit Hot Air Shrink Gun DIY Electric Nozzle 300W 110V US Plug,https://www.cashbackbase.com/offer/Chukchi-Handheld-Electric-Shrink-Nozzle/6026,13.99,11.89,1189.0,2.0999999999999996,2496.8999999999996
Zig Zag 1 1/4 Size Organic Hemp Rolling Paper (24 Booklet Carton),https://www.cashbackbase.com/offer/Size-Organic-Hemp-Rolling-Paper/6991,22.99,14.18,284.0,8.809999999999999,2502.0399999999995
"OTG USB Flash Drive Wansenda 2 in 1 USB Memory Stick Micro Port & USB 2.0 Pen Drive for Android Devices/PC/Tablet/Mac (128GB, Red)",https://www.cashbackbase.com/offer/Wansenda-Flash-Android-Devices-Tablet/6587,27.99,22.39,448.0,5.599999999999998,2508.7999999999993
"Houseables Maternity Belly Band and Abdominal Binder, Breathable Pregnancy Support Belt, Size Large, Black, Elastic Waist Support, Prenatal Back Brace, Pain Relief Wrap",https://www.cashbackbase.com/offer/Houseables-Maternity-Abdominal-Breathable-Sacroiliac/8199,14.97,12.97,1297.0,2.0,2594.0
"No Touch Door Opener Tool, 4 Pack Handheld EDC Keychain Tool",https://www.cashbackbase.com/offer/no-touch-door-opener-tool-4-pack-handheld-edc-keychain-tool/9981,14.99,12.99,1299.0,2.0,2598.0
"Door Opener Tool, 4 Pack Handheld EDC Keychain Tool",https://www.cashbackbase.com/offer/door-opener-tool-4-pack-handheld-edc-keychain-tool/10318,14.99,12.99,1299.0,2.0,2598.0
"Muslin Bibs,MERLINAE Baby Bandana Drool Bibs 360 Bibs for Boys Girls Newborn Infant for Drooling and Teething,100% Organic Cotton and Super Absorbent Hypoallergenic Pullover Baby Bibs",https://www.cashbackbase.com/offer/muslin-bibsmerlinae-baby-bandana-drool-bibs-360-bibs-for-boys-girls-newborn-infant-for-drooling-and-teething100-organic-cotton-and-super-absorbent-hypoallergenic-pullover-baby-bibs/7781,23.99,14.39,288.0,9.599999999999998,2764.7999999999993
"128GB Type C OTG USB C Flash Drive WANSENDA High Speed USB 3.0/3.1 Thumb Drive for PC/Mac/USB-C Smartphones Samsung Galaxy S8/S8+/S9/S9+/S10, Note7/8/9,A6S/A9S LG G6 V30, Google Pixel XL (Blue)",https://www.cashbackbase.com/offer/WANSENDA-Smartphones-Samsung-Galaxy-Google/9289,26.99,20.0,400.0,6.989999999999998,2795.9999999999995
2Pcs Gas Struts 20 Inch 60 lbs Prop Lift Springs Rod Heavy Duty Tool Box Lid Top RV Pair,https://www.cashbackbase.com/offer/2Pcs-Struts-Inch-Springs-Heavy/4827,26.99,19.99,400.0,7.0,2800.0
Elk Antler Dog Chew,https://www.cashbackbase.com/offer/Deluxe-Naturals-Antlers-Premium-Naturally/8204,12.95,9.95,995.0,3.0,2985.0
"SERENITA 20 Pack Reusable PM2.5 Filter for Balaclavas Face Cover, Bandanas, Rreplacement Accessory White",https://www.cashbackbase.com/offer/SERENITA-Reusable-Balaclavas-Rreplacement-Accessory/9749,12.95,9.95,995.0,3.0,2985.0
"Cotton Baby Bandana Drool Bibs for Boys and Girls,6 Pack Soft Bibs with Snaps",https://www.cashbackbase.com/offer/cotton-baby-bandana-drool-bibs-for-boys-and-girls6-pack-soft-bibs-with-snaps/7780,24.99,14.99,300.0,9.999999999999998,2999.9999999999995
"128GB Type C 3.1 High Speed USB C Flash Drive (Black, Not for iPhone)",https://www.cashbackbase.com/offer/Speed-Flash-Drive-128GB-Black/7722,27.99,20.0,400.0,7.989999999999998,3195.9999999999995
"Freshware Meal Prep Containers [15 Pack] 3 Compartment with Lids, Food Containers, Lunch Box | BPA Free | Stackable | Bento Box, Microwave/Dishwasher/Freezer Safe, Portion Control, 21 day fix (32 oz)",https://www.cashbackbase.com/offer/Freshware-Containers-Compartment-Stackable-Dishwasher/4507,14.18,11.3,1130.0,2.879999999999999,3254.3999999999987
"Naconic Memory Foam Seat Cushion for Office Chair & Wheelchair, Non-Slip Washable Cover, Tailbone, Back, Sciatica Pain Relief [BS5852 Flame Retardant Fabrics for Fire Resistant, 16""x16""x4""]",https://www.cashbackbase.com/offer/Naconic-Wheelchair-Non-Slip-Retardant-Resistant/3997,27.99,19.59,392.0,8.399999999999999,3292.7999999999993
"WANSENDA 3 in 1 OTG USB Flash Drive USB 3.0/3.1 & Type-C & Micro for Samsung Galaxy S3/S4/S5/S6/S7/S8/S8+/S9/S9+/S10, Note2/3/4/5/7/8/9,A6S/A9S LG Q7,LG Stylo3,G4 G5 G6 G7 V20 V30 V40 (128GB, Blue)",https://www.cashbackbase.com/offer/WANSENDA-Type-C-Samsung-Galaxy-Stylo3/6871,33.99,27.99,560.0,6.0000000000000036,3360.000000000002
"Scales for Body Weight Healthkeep Bathroom Scale Smart Wireless Scales Digital Weight and Body Fat, High Precision Measurements Body Composition Analyzer with Smartphone App 396 lbs",https://www.cashbackbase.com/offer/Healthkeep-Precision-Measurements-Composition-Smartphone/9248,25.99,13.59,272.0,12.399999999999999,3372.7999999999997
"Weight Scale Digital for Body Fat, Bathroom Scales Bluetooth Smart Scale BMI Body Composition Monitor, Samsung, IOS, Andriod System, 396 lbs in 0.2 lb increments, 2 x AAA batteries included",https://www.cashbackbase.com/offer/Bluetooth-Healthkeep-Wireless-Composition-Smartphone/8729,25.99,13.25,265.0,12.739999999999998,3376.0999999999995
"Shabu Shabu Hot Pot, Hot Plate Cookware Set Ramen Cooker, Hot Pot Soup Base Stainless Steel Pot Set, 12""(30cm) Hot Pot with Divider",https://www.cashbackbase.com/offer/Shabu-Cookware-Cooker-Stainless-Divider/8704,29.95,20.96,419.0,8.989999999999998,3766.8099999999995
"3 inch Swivel Caster Wheels,Heavy Duty Plate Casters with Safety Brake Total Capacity 1000lbs (Pack of 4)",https://www.cashbackbase.com/offer/Swivel-Caster-Casters-Capacity-1000lbs/8349,21.99,19.99,1999.0,2.0,3998.0
Portable Blender Lacomri – Powerful Crusher for Frozen Fruits and Veggies – Travel Blender – Cordless Blender – Portable Blender USB Rechargeable – Personal Blender – Mini Blender with Stainless-Steel Blades – Ideal for Healthy Juices and Smoothies,https://www.cashbackbase.com/offer/Portable-Blender-Lacomri-Rechargeable-Stainless-Steel/10034,36.99,30.33,607.0,6.660000000000004,4042.620000000002
"45ml Sprayer Bottles Non-Contact Infrared Sensor Automatic Sensor Sprayer Dispenser Automatic Induction,Suitable for Home, Restaurant, School, Etc",https://www.cashbackbase.com/offer/Non-Contact-Automatic-Dispenser-Induction-Restaurant/10383,28.99,14.49,290.0,14.499999999999998,4204.999999999999
VIVOHOME Inflatable Vinyl Marine Mooring Buoy Anchor Boat Fenders for Bumper Shield Protection,https://www.cashbackbase.com/offer/VIVOHOME-Inflatable-Mooring-Fenders-Protection/10137,54.99,52.99,2120.0,2.0,4240.0
Hyde Lane 100% Mulberry Silk Pillowcase for Hair and Skin | Antibacterial Satin Pillowcase Cover Hidden Zippered - 2 Pack (Queen Size 20x30 Natural White),https://www.cashbackbase.com/offer/100-Organic-Mulberry-Silk-Pillowcase/10085,48.99,44.09,882.0,4.899999999999999,4321.799999999998
"Sinocare Infrared Thermometer, Non-Contact Digital Medical Thermometer, [Accurate Reading] [High Temperature Alarm], Forehead Thermometer for Babies, Kids & Adults",https://www.cashbackbase.com/offer/Sinocare-Infrared-Thermometer-Non-Contact-Temperature/10430,48.99,44.09,882.0,4.899999999999999,4321.799999999998
"USB Conference Microphone for Computer, 360° Omnidirectional Condenser PC Microphones with Mute, Plug & Play Compatible with Mac OS X Windows for Video Meeting,Gaming,Chatting,Skype,VoIP Calls",https://www.cashbackbase.com/offer/Conference-Microphone-Omnidirectional-Microphones-Compatible/10488,29.99,14.99,300.0,14.999999999999998,4499.999999999999
"Kitchen Knife Sharpener,Hone,Sharpens, Beveled, Polishes Dull, Serrated, Standard Blades & Chef's Knives, Pairing Knives As Shown On TV By Homegician (Kitchen Knife Sharpeners)",https://www.cashbackbase.com/offer/Sharpener-Sharpens-Polishes-Serrated-Homegician/5430,25.0,22.99,2299.0,2.0100000000000016,4620.990000000003
"Mangotek Wireless Charging Station, 3 in 1 Qi Fast Wireless Charger Stand for Apple Watch, iPhone 11/11 Pro/11 Pro Max/XS Max/X, Samsung Galaxy Note 10/Note 10+/S10, AirPods Pro (Adaptor Included)",https://www.cashbackbase.com/offer/Mangotek-Wireless-Charging-Station-Included/7955,63.99,60.0,1200.0,3.990000000000002,4788.000000000003
"(2 Packs) Pasta Maker Attachment Pasta Roller for KitchenAid Stand Mixers, Pasta Rollers Stainless Steel Water-Washed Noodle Maker Machine Accessory and Dish Sponge Kitchen Scrub Cleaning Sponges Bundle",https://www.cashbackbase.com/offer/Attachment-KitchenAid-Stainless-Water-Washed-Accessory/10328,54.99,49.99,1000.0,5.0,5000.0
"ShioSel, Bark Collar for Small, Medium, Large Dog - Stop Barking with Ultrasound and Harmless Shock - Intelligent Anti-Barking Deterrent Device - Black",https://www.cashbackbase.com/offer/ShioSel-Collar-Small-Medium-Large/10216,35.0,24.98,500.0,10.02,5010.0
"Freehawk Swimming Pool Leaf Vacuum,Swimming Pool Cleaning Tools,Jet Vac Vacuum Cleaner,Suck Leaf Vacuum",https://www.cashbackbase.com/offer/Freehawk-Swimming-Vacuum-Cleaning-Cleaner/10431,42.99,35.99,720.0,7.0,5040.0
"Houseables Espresso Cup, Spoon & Saucer Set, Stackable Demitasse Cups with Metal Stand, 19 Pieces, 2.5 Ounce, Black, Porcelain, Tea Kit, Teacups, Turkish Coffee Mug, Organizer Rack, Dishwasher Safe",https://www.cashbackbase.com/offer/Houseables-Stackable-Demitasse-Porcelain-Dishwasher/9258,28.92,26.92,2692.0,2.0,5384.0
OTG Type C USB C Flash Drive 2 in 1 USB 3.0 Pen Drive 256GB USB Jump Drive for Android Devices/PC/Mac (Blue),https://www.cashbackbase.com/offer/Flash-Drive-256GB-Android-Devices/6582,45.99,39.09,782.0,6.899999999999999,5395.799999999999
"WANSENDA 3 in 1 OTG USB Flash Drive USB3.0/3.1 & Type-C & Micro USB Photo Storage Stick (256GB, Blue)",https://www.cashbackbase.com/offer/WANSENDA-Flash-USB3-0-Type-C-Storage/5974,47.99,40.79,816.0,7.200000000000003,5875.200000000003
Upgraded Portable UV Phone Sanitizer - Cell Phone Sanitizer Sterilizer Box - Ultraviolet Light Mask Sanitizer - UV-Clean Disinfection for Face Mask Makeup Tools Mobile Phone Toothbrush Jewelry Watches,https://www.cashbackbase.com/offer/upgraded-portable-uv-phone-sanitizer-cell-phone-sanitizer-sterilizer-box-ultraviolet-light-mask-sanitizer-uv-clean-disinfection-for-face-mask-makeup-tools-mobile-phone-toothbrush-jewelry-watches/7485,39.95,27.96,559.0,11.990000000000002,6702.410000000001
256GB OTG USB C Type C Flash Drive High Speed USB 3.0/3.1 Photo Stick (Green),https://www.cashbackbase.com/offer/256GB-Flash-Drive-Speed-Photo/9703,45.99,36.79,736.0,9.200000000000003,6771.200000000003
"256GB Micro USB Flash Drive OTG USB Thumb Drive for Android Samsung Galaxy S7/S6/S5/S4/S3, Note5/4/3/2, A7/A8/A9,C5/C7 (Blue)",https://www.cashbackbase.com/offer/256GB-Micro-Android-Samsung-Galaxy/6583,39.99,25.99,520.0,14.000000000000004,7280.000000000002
55 Pack Re-Usable Masks and Free KN-95 Mask,https://www.cashbackbase.com/offer/55-pack-re-usable-masks-and-free-kn-95-mask/9553,47.99,38.39,768.0,9.600000000000001,7372.800000000001
"Kingslim D2 2.5K Dual Dash Cam, 1440P&1080P Front and Rear Camera for Cars 170 Degree Driving Recorder with Sony Starvis Sensor Night Vision G-Sensor Parking Mode Support 128GB Max",https://www.cashbackbase.com/offer/Kingslim-Driving-Recorder-Starvis-G-Sensor/9251,79.99,74.99,1500.0,5.0,7500.0
"xTreme Muscle Pro - Professional Grade Stacked Muscle Building Supplement with proprietary formula of Creatine Ethyl Ester, L-Arginine, and Beta-Alenine",https://www.cashbackbase.com/offer/xTreme-Muscle-Pro-Professional-Beta-Alenine/7294,23.87,19.87,1987.0,4.0,7948.0
"2-Pack Queen Size, Pick ANY COLOR - 100% Pure Mulberry Silk Pillowcase for Hair and Skin | Premium 25 Momme Organic Worm Silk Pillow Case, Hypoallergenic Antibacterial with Hidden Zipper",https://www.cashbackbase.com/offer/Silk-Pillowcase-Hair-Skin-Resistant/8815,67.99,61.19,1224.0,6.799999999999997,8323.199999999997
55 Pack Re-Usable Black Masks,https://www.cashbackbase.com/offer/55-pack-re-usable-black-masks/9901,44.95,31.46,629.0,13.490000000000002,8485.210000000001
"Houseables Crib Tent, Canopy for Pack N’ Play, up to 41” x 32”, Darkening Playpen Cover, Breathable Polyester Mesh, Washable, w/Top Zipper & Side Panels, for Baby, Travel, Nursery, Blackout Netting",https://www.cashbackbase.com/offer/houseables-crib-tent-canopy-for-pack-n-play-up-to-41-x-32-darkening-playpen-cover-breathable-polyester-mesh-washable-wtop-zipper-side-panels-for-baby-travel-nursery-blackout-netting/7539,47.87,35.87,717.0,12.0,8604.0
7pc 304 PREMIUM GRADE STAINLESS STEEL Professional Bartender Rainbow Cocktail Shaker Bar Tool Set - Barware Accessories Kit - Martini Gift Set - Bonus Recipe Booklet by Eximius Power,https://www.cashbackbase.com/offer/Eximius-Power-Professional-Bartender-Stainless/9660,39.99,34.99,1750.0,5.0,8750.0
"Wireless Charging Station, Mangotek Qi Wireless Charger for iPhone and Apple Watch, 4 in 1 Cordless Charging Stand Pad for iPhone 11/ Pro/Pro Max/XS/X/8",https://www.cashbackbase.com/offer/Wireless-Charging-Station-Mangotek-Cordless/7957,80.99,75.0,1500.0,5.989999999999995,8984.999999999993
"Hyde Lane 400TC Sateen Cotton Sheet Queen Set Paloma| 4 Piece – Fitted, Flat Sheet & Shams | Stretches Up to 14” to Cover Most Mattress Sizes - Retains Elasticity | Super Soft- Shrink & Pilling Proof",https://www.cashbackbase.com/offer/Hyde-Lane-Cotton-Thread-Sateen/9515,49.99,37.49,750.0,12.5,9375.0
VIVOHOME 5-Pack Thickened Non Woven 5 Gallon Grow Bag Portable Aeration Fabric Garden Vegetable Planting Pots with 10 PCS Plant Labels,https://www.cashbackbase.com/offer/VIVOHOME-Thickened-Portable-Aeration-Vegetable/7533,19.99,9.79,979.0,10.2,9985.8
"Cahot UV Sterilizer Bag with 8 UV-C LED Lights, Large UV Sanitizer Box for Cell Phone, Wallet, Bottle, Toys, Beauty Tools and Clothes, Portable UV Light Travel Makeup Bag (Sky Blue)",https://www.cashbackbase.com/offer/Cahot-Sterilizer-Sanitizer-Clothes-Portable/10452,89.99,83.99,1680.0,6.0,10080.0
"Premier Dead Sea Classic BIOX cream, Intensive Age Treatment Cream Anti-Age, anti wrinkle anti expression marks Complex, soft and gentle, light and non tacky 2.04 FL oz.",https://www.cashbackbase.com/offer/Premier-Dead-Sea-Intensive-Treatment/9224,79.0,69.0,1035.0,10.0,10350.0
Upgraded 360° Phone Sanitizer UV - Portable Cell Sterilizer for ALL Smart Phones - Phone Cleaner UV Light with Wireless & USB Charger - Aromatherapy Function Toothbrush Jewelry Watches Disinfector Box,https://www.cashbackbase.com/offer/upgraded-3600-phone-sanitizer-uv-portable-cell-sterilizer-for-all-smart-phones-phone-cleaner-uv-light-with-wireless-usb-charger-aromatherapy-function-toothbrush-jewelry-watches-disinfector-box/7438,49.95,34.97,699.0,14.980000000000004,10471.020000000002
"2-Pack, King Size, Any Color - 100% Pure Mulberry Silk Pillowcase for Hair and Skin | Premium 25 Momme Organic Worm Silk Pillow Case, Hypoallergenic Antibacterial with Hidden Zipper",https://www.cashbackbase.com/offer/Silk-Pillowcase-Hair-Skin-Resistant/8814,78.99,71.09,1422.0,7.8999999999999915,11233.799999999988
"VIVOHOME Centrifugal Juicer Machine, 2-speed Juice Extractor with Safety Lock Arm, Overloading Protection",https://www.cashbackbase.com/offer/VIVOHOME-Centrifugal-Extractor-Overloading-Protection/9253,59.99,47.99,960.0,12.0,11520.0
304 PREMIUM STAINLESS STEEL Professional Bartender Cocktail Shaker Set | 7pc Bar tools kit & Drink mixer Accessories | Durable Mixology Martini Gift set | Bonus Recipe Booklet by Eximius Power,https://www.cashbackbase.com/offer/Eximius-Power-Professional-Bartender-Accessories/9772,34.99,29.99,2399.0,5.0000000000000036,11995.00000000001
"Homegician Baby Wood Gym, Wood Play Gym with 3 Wooden Baby Teething Toys Foldable Baby Play Gym Frame Activity Gym Hanging Bar Newborn Gift Baby Shower Gift Gym",https://www.cashbackbase.com/offer/Homegician-Teething-Foldable-Activity-Hanging/5893,45.99,39.99,2000.0,6.0,12000.0
"Tripirit Portable Sun Shade Canopy - Small Sun Beach Shader Beach Shelter, Sun Protection for Face While Sunbathing",https://www.cashbackbase.com/offer/Tripirit-Portable-Sun-Shade-Canopy/7451,49.99,25.0,500.0,24.990000000000002,12495.000000000002
"Hyde Lane 400TC Sateen Cotton King Sheet Set Teal| 4 Piece – Fitted, Flat Sheet & Shams | Stretches Up to 14” to Cover Most Mattress Sizes - Retains Elasticity | Super Soft- Shrink & Pilling Proof",https://www.cashbackbase.com/offer/Hyde-Lane-Cotton-Thread-Sateen/9516,54.99,35.74,715.0,19.25,13763.75
"Video Baby Monitor, Dragon Touch E40 4.3"" HD LCD Display with Camera, Two-Way Audio, Invisible LED Night Vision, VOX Mode, Split Screen, 960ft Range, 8 Lullabies and Room Temperature Monitoring",https://www.cashbackbase.com/offer/Dragon-Touch-E40-Temperature-Monitoring/9543,79.99,69.99,1400.0,10.0,14000.0
SPECSTAR 1/8 Inch T316 Stainless Steel Cable 400FT Wire Rope with Cutter 7 x 7 Strands Construction for Aircraft Deck Railing DIY Balustrade,https://www.cashbackbase.com/offer/SPECSTAR-Stainless-Construction-Aircraft-Balustrade/9126,85.99,76.79,1536.0,9.199999999999989,14131.199999999983
"Kids Projector,iRULU Mini Portable Video Movie Projector,Home Theater Palm Size Projector with HDMI AV Headphone for Kids Children Education White",https://www.cashbackbase.com/offer/kids-projectorirulu-mini-portable-video-movie-projectorhome-theater-palm-size-projector-with-hdmi-av-headphone-for-kids-children-education-white/8283,89.99,80.99,1620.0,9.0,14580.0
"Premier Dead Sea Vitamin E & C facial serum, classic collection, Concentrated vitamin C serum for face, vitamin E oil, retinol, anti-aging serum, advanced skincare 1.7 Fl.oz",https://www.cashbackbase.com/offer/premier-dead-sea-vitamin-e-c-facial-serum-classic-collection-concentrated-vitamin-c-serum-for-face-vitamin-e-oil-retinol-anti-aging-serum-advanced-skincare-17-floz/9222,79.9,69.0,1380.0,10.900000000000006,15042.000000000007
WANSENDA 512GB Type C USB 3.1 Flash Drive OTG USB C Phone Storage (Black),https://www.cashbackbase.com/offer/WANSENDA-512GB-Flash-Drive-Storage/9477,85.99,71.99,1080.0,14.0,15120.0
"Home Security Camera,1080P FHD WiFi Camera,Motion Tracking Sound Detection,MERLINAE IR Night Vision,Home Camera for Baby Pet Safety (White)",https://www.cashbackbase.com/offer/home-security-camera1080p-fhd-wifi-cameramotion-tracking-sound-detectionmerlinae-ir-night-visionhome-camera-for-baby-pet-safety-white/6879,59.99,41.99,840.0,18.0,15120.0
"Home Security Camera,1080P FHD WiFi Camera,Motion Tracking Sound Detection,MERLINAE IR Night Vision,Home Camera for Baby Pet Safety (White)",https://www.cashbackbase.com/offer/home-security-camera1080p-fhd-wifi-cameramotion-tracking-sound-detectionmerlinae-ir-night-visionhome-camera-for-baby-pet-safety-white/6878,59.99,41.99,840.0,18.0,15120.0
"Mini Portable Projector,MERLINAE LED Projector Compatible for Computer,Movies and Video Games for Children Gift",https://www.cashbackbase.com/offer/mini-portable-projectormerlinae-led-projector-compatible-for-computermovies-and-video-games-for-children-gift/6881,95.99,86.39,1728.0,9.599999999999994,16588.79999999999
"Mini Portable Projector,MERLINAE LED Projector Compatible for Computer,Movies and Video Games for Children Gift",https://www.cashbackbase.com/offer/mini-portable-projectormerlinae-led-projector-compatible-for-computermovies-and-video-games-for-children-gift/6880,95.99,86.39,1728.0,9.599999999999994,16588.79999999999
"Houseables Soft Silicone Tape, Scar Treatment Sheets, 1.57” x 59”, Nude, with 2” Perforations, Flexible, Medical Grade for Surgery, Keloids, Burns, Sensitive Skin, Wound Protection, Healing Gel Patch",https://www.cashbackbase.com/offer/houseables-soft-silicone-tape-scar-treatment-sheets-157-x-59-nude-with-2-perforations-flexible-medical-grade-for-surgery-keloids-burns-sensitive-skin-wound-protection-healing-gel-patch/8685,26.81,16.81,1681.0,10.0,16810.0
"Chinese 100% Hand Hammered Iron Woks Stir Fry Pans, Non-stick, No Coating, Less Oil, 32CM, Black Seasoned Wooden handle",https://www.cashbackbase.com/offer/Chinese-Hammered-Non-stick-Coating-Seasoned/9415,72.95,58.36,1167.0,14.590000000000003,17026.530000000002
"3 in 1 512GB USB Flash Drive for Samsung Galaxy S6/S7/S8/S8+/S9/S9+/S10, Note5/7/8/9, A70/A80/A90/A10/A6S/A9S LG Q7 Q8,LG Stylo3/4,G4 G5 G6 G7 V20 V30 V35 V40, Google Pixel/Pixel XL, Moto (Blue)",https://www.cashbackbase.com/offer/WANSENDA-Flash-USB3-0-Type-C-Memory/9517,89.99,71.99,1080.0,18.0,19440.0
Fotoconic Studio 3-Section Double Articulating Boom Arm Holder Articulated Arm for Studio Photo Video Lighting,https://www.cashbackbase.com/offer/Fotoconic-3-Section-Articulating-Articulated-Lighting/4878,42.99,29.99,1500.0,13.000000000000004,19500.000000000004
512GB OTG Type C USB 3.1 Flash Drive USB C Photo Storage Stick (Blue),https://www.cashbackbase.com/offer/512GB-Flash-Drive-Photo-Storage/9798,83.99,67.19,1344.0,16.799999999999997,22579.199999999997
WANSENDA 512GB Type-C USB C Flash Drive USB 3.0/3.1 Thumb Drive Keychain USB Photo Stick (Red),https://www.cashbackbase.com/offer/Type-C-Smartphones-Huawei-Samsung-Galaxy/10471,83.99,66.99,1340.0,17.0,22780.0
"Fotoconic Horizontal Tripod Arm, 3/8 Screw Support Tripod Extension Bar Stand for Camera, Professional Photography Studio",https://www.cashbackbase.com/offer/Fotoconic-Horizontal-Extension-Professional-Photography/5771,68.99,27.5,550.0,41.489999999999995,22819.499999999996
"Mini Portable Pico Projector,LED LCD Pocket Movie Projector for Children,Office,TV Video,Home Theater,Party Game,Outdoor Entertainment with HDMI USB AV Interfaces and Remote Control",https://www.cashbackbase.com/offer/mini-portable-pico-projectorled-lcd-pocket-movie-projector-for-childrenofficetv-videohome-theaterparty-gameoutdoor-entertainment-with-hdmi-usb-av-interfaces-and-remote-control/7751,69.99,35.0,700.0,34.989999999999995,24492.999999999996
"Mini Portable Pico Projector,LED LCD Pocket Movie Projector for Children,Office,TV Video,Home Theater,Party Game,Outdoor Entertainment with HDMI USB AV Interfaces and Remote Control",https://www.cashbackbase.com/offer/mini-portable-pico-projectorled-lcd-pocket-movie-projector-for-childrenofficetv-videohome-theaterparty-gameoutdoor-entertainment-with-hdmi-usb-av-interfaces-and-remote-control/7750,69.99,35.0,700.0,34.989999999999995,24492.999999999996
512GB OTG USB C Type C Flash Drive USB 3.0/3.1 Photo Stick (Blue),https://www.cashbackbase.com/offer/512GB-Flash-Drive-Photo-Stick/9797,89.99,71.99,1440.0,18.0,25920.0
"VIVOHOME Metal Detector Waterproof with Headphone for Adults Kids, Adjustable Length 41-52 inch, High Accuracy with a HD LCD Screen, Varied Smart Modes",https://www.cashbackbase.com/offer/VIVOHOME-Detector-Waterproof-Headphone-Adjustable/10294,89.99,71.99,1440.0,18.0,25920.0
"Magnetic Dry Erase Board, Glass Whiteboard, 4 x 3 Feet (47"" x 35""), Glassboard, White, Clear Surface, Frameless Display, Modern, Wall Mount, 4 Markers, Marker Tray, 1 Eraser, 6 Magnets, for Office",https://www.cashbackbase.com/offer/magnetic-dry-erase-board-glass-whiteboard-4-x-3-feet-47-x-35-glassboard-white-clear-surface-frameless-display-modern-wall-mount-4-markers-marker-tray-1-eraser-6-magnets-for-office/7359,90.32,82.32,3293.0,8.0,26344.0
"VIVOHOME Hanging Hammock Chair with Armrest, 440 lbs Capacity, Perfect for Indoor Outdoor, Patio, Deck, Yard, Garden",https://www.cashbackbase.com/offer/VIVOHOME-Hanging-Hammock-Armrest-Capacity/9484,79.99,55.1,1102.0,24.889999999999993,27428.77999999999
"3 in 1 512GB USB Flash Drive for Samsung Galaxy S6/S7/S8/S8+/S9/S9+/S10, Note5/7/8/9, A70/A80/A90/A10/A6S/A9S LG Q7 Q8,LG Stylo3/4,G4 G5 G6 G7 V20 V30 V35 V40, Google Pixel/Pixel XL, Moto (Red)",https://www.cashbackbase.com/offer/512GB-Samsung-Galaxy-Stylo3-Google/9917,89.99,69.99,1400.0,20.0,28000.0
VIVOHOME 110V 40 Inch Height Freestanding Electric Polyresin Girl with Umbrella Lightweight Antique Outdoor Garden Bird Bath Water Fountain,https://www.cashbackbase.com/offer/VIVOHOME-Pedestal-Fountain-Polyresin-Outdoor/9173,59.99,47.99,2400.0,12.0,28800.0
"Home Mini Pocket Projector,iRULU Portable Movie Theater Projector with HDMI,USB,HiFi Speaker Support 1080P HD LED Entertainment Projector for Home,Outdoor,Theater Children's Education",https://www.cashbackbase.com/offer/home-mini-pocket-projectorirulu-portable-movie-theater-projector-with-hdmiusbhifi-speaker-support-1080p-hd-led-entertainment-projector-for-homeoutdoortheater-childrens-education/7775,99.99,79.99,1600.0,20.0,32000.0
"Mini Video Movie Projector,iRULU Portable Home Theater Palm Size Projector with HDMI VGA AV Headphone for Kids Children Education (Yellow, Siz2)",https://www.cashbackbase.com/offer/mini-video-movie-projectorirulu-portable-home-theater-palm-size-projector-with-hdmi-vga-av-headphone-for-kids-children-education-yellow-siz2/7464,99.99,79.99,1600.0,20.0,32000.0
"Mini Video Movie Projector,iRULU Portable Home Theater Palm Size Projector with HDMI VGA AV Headphone for Kids Children Education (Black, Siz2)",https://www.cashbackbase.com/offer/mini-video-movie-projectorirulu-portable-home-theater-palm-size-projector-with-hdmi-vga-av-headphone-for-kids-children-education-black-siz2/7465,99.99,79.99,1600.0,20.0,32000.0
"MERLINAE Kids Projector,Mini Pocket Projector,Portable Video Projector Multimedia Home Theater Movie Projector Compatible with TV Stick,Surport 1080P HDMI,USB,AV,Laptop for Children Gift Black",https://www.cashbackbase.com/offer/merlinae-kids-projectormini-pocket-projectorportable-video-projector-multimedia-home-theater-movie-projector-compatible-with-tv-sticksurport-1080p-hdmiusbavlaptop-for-children-gift-black/8756,99.99,79.99,1600.0,20.0,32000.0
SPECSTAR 168 PCS General Household Socket Wrench Combination Hand Tool Kit Heavy Duty Auto Mechanics Repair Set with Portable Plastic Storage Case,https://www.cashbackbase.com/offer/SPECSTAR-Combination-Package-Plastic-Toolbox/10075,89.99,62.99,1260.0,26.999999999999993,34019.99999999999
VIVOSUN Hydroponics Growing Kit Indoor Gardening Plant Kit with LED Plant Grow Light Bamboo Frame 12 Plant Baskets Water Tank (Seeds Not Included),https://www.cashbackbase.com/offer/VIVOSUN-Hydroponics-Growing-Gardening-Included/9592,79.99,45.0,990.0,34.989999999999995,34640.1
"Houseables Couch Covers For Dogs, Cat Scratch Deterrent, 96""W x 42""H x 40""D, 1 Pk, Clear, Vinyl, Sofa Protector, Waterproof Shield, Furniture Protectors, Plastic Slipcovers, Dog, Pet, Cats Pee, Moving",https://www.cashbackbase.com/offer/houseables-couch-covers-for-dogs-cat-scratch-deterrent-96quotw-x-42quoth-x-40quotd-1-pk-clear-vinyl-sofa-protector-waterproof-shield-furniture-protectors-plastic-slipcovers-dog-pet-cats-pee-moving/7220,37.92,18.92,1892.0,19.0,35948.0
"VIVOHOME Slow Masticating Juicer, BPA-Free, 55 RPM, Juice Extractor with Quiet Motor and Reverse Function, ETL Listed",https://www.cashbackbase.com/offer/VIVOHOME-Masticating-BPA-Free-Extractor-Function/7029,85.99,42.13,843.0,43.85999999999999,36973.979999999996
"Houseables Easel Style Dry Erase Boards, Teaching Easels, 24” x 36”, 1 Whiteboard, 6 Magnets, 3 Markers, 1 Eraser, 25 Paper Sheets, Black, White, Flip Chart Stand, Presentation, Double Sided, Clamp",https://www.cashbackbase.com/offer/houseables-easel-style-dry-erase-boards-teaching-easels-24-x-36-1-whiteboard-6-magnets-3-markers-1-eraser-25-paper-sheets-black-white-flip-chart-stand-presentation-double-sided-clamp/7240,87.52,71.52,2861.0,16.0,45776.0
VIVOHOME Portable Spinning Dance Stripping Pole for Home Fitness,https://www.cashbackbase.com/offer/VIVOHOME-Portable-Spinning-Stripping-Fitness/9880,149.99,127.99,2560.0,22.000000000000014,56320.00000000004
VIVOHOME Upgraded Automatic Inground Above Ground Suction Swimming Pool Sweeper Vacuum Cleaner with 32.8 ft Hose Dark Blue,https://www.cashbackbase.com/offer/VIVOHOME-Advanced-Suction-Automatic-Cleaner/9284,149.99,119.99,2400.0,30.000000000000014,72000.00000000003
"VIVOHOME 600 Lbs Capacity 10 Feet Aluminum Folding Loading Ramp Kit for Trailers Pickup Truck Car Tailgate ATV Motorcycle Lawn Mower (Black, 10 Ft)",https://www.cashbackbase.com/offer/VIVOHOME-Aluminum-Loading-Dirtbike-Motorcycle/10138,159.99,127.99,2560.0,32.000000000000014,81920.00000000003
VIVOHOME 1/3 HP 4CFM Single Stage Rotary Vane Air Vacuum Pump and R134a AC Manifold Gauge Set Kit with Leak Detector Carry Bag for HVAC Air Conditioning Refrigeration Recharging,https://www.cashbackbase.com/offer/VIVOHOME-Manifold-Conditioning-Refrigeration-Recharging/10192,139.99,83.99,1680.0,56.000000000000014,94080.00000000003
"Houseables Easel Style Dry Erase Boards, Teaching Easels, 24” x 36”, 1 Whiteboard, 6 Magnets, 3 Markers, 1 Eraser, 25 Paper Sheets, Black, White, Flip Chart Stand, Presentation, Double Sided, Clamp",https://www.cashbackbase.com/offer/Houseables-Teaching-Whiteboard-Magnets-Presentation/8786,87.52,57.52,3451.0,29.999999999999993,103529.99999999997
VIVOHOME 32x24 Inch LED Bathroom Mirror Wall Mounted Makeup Vanity Mirror Rectangular with Touch Switch Defogger 3000-6000K Adjustable Warm Light Daylight,https://www.cashbackbase.com/offer/VIVOHOME-Bathroom-Rectangular-3000-6000K-Adjustable/9093,179.99,143.99,2880.0,36.0,103680.0
"Petsmatig Wire Cat Cage: Spacious Foldable Metal Pet Crate Playpen with 3 Openings, 3 Platforms, 3 Ladders, 1 Hammock, 1 Bottom Tray, 4 Wheels and Free Grooming Gloves",https://www.cashbackbase.com/offer/petsmatig-wire-cat-cage-spacious-foldable-metal-pet-crate-playpen-with-3-openings-3-platforms-3-ladders-1-hammock-1-bottom-tray-4-wheels-and-free-grooming-gloves/10281,198.97,43.77,875.0,155.2,135800.0
VIVOHOME Outdoor Rolling Wicker Bar Cart with Ice Bucket and Storage Compartments 3 Goblet Holders for Backyard Lawn Garden Brown,https://www.cashbackbase.com/offer/VIVOHOME-Outdoor-Rolling-Compartments-Backyard/9249,265.99,212.79,3192.0,53.20000000000002,169814.40000000005
VIVOHOME Heavy Duty 10 Ft 360° Rotating Double Top Cantilever Round Deluxe Patio Umbrella Weatherproof Hanging Offset Sun Shelter with LED Lights Cross Base and Cover Wine,https://www.cashbackbase.com/offer/VIVOHOME-Rotating-Cantilever-Umbrella-Weatherproof/9641,359.99,251.99,2520.0,108.0,272160.0
